name;price;category;description
3-к кв. Великий Новгород, Парковая улица, дом 12А,  эт. 5/5 S:90.70 кв.м/49.90 кв.м;3750000;продажа;Предлагается к продаже трехкомнатная квартира на Торговой стороне. Дом кирпичный, 2003 года постройки. В доме всего 16 квартир. Видеонаблюдение по периметру дома. Система отопления и горячего водоснабжения находится на одной ветке с детским садом, поэтому всегда тепло и нет перебоев с горячей водой. Квартира 90,7/49,9/12,8. Хорошее состояние, стеклопакеты, комнаты изолированы на разные стороны, раздельный санузел отделка- кафельная плитка прихожая-холл 14 метров, есть большая застекленная лоджия, частично остается мебель, встроенная кухня. Район с развитой инфраструктурой. Рядом зеленый, спокойный парк для прогулок и река Волхов. Квартира готова к продаже и готова к заселению, все предложенные объекты в собственности, пакет документов готов, один совершеннолетний собственник, продажа в связи с переездом в другой город. А также есть возможность приобретения гаража, расположенного в гаражном комплексе, не далеко от дома. Гараж не входит в стоимость квартиры.
2-к кв. Мясной Бор деревня, Центральная улица, дом 12А,  эт. 2/2 S:43.00 кв.м/28.00 кв.м;550000;продажа;Продается двухкомнатная квартира в д. Мясной бор. Состояние квартиры хорошее, можно заезжать и жить, есть балкон и кладовка, комнаты смежные, центральное отопление, установлен бойлер на 100 литров, газ-баллон, остается вся мебель. Чистый подъезд и хорошие соседи. Один взрослый собственник. Готова к продаже.
1-к кв. Мясной Бор деревня, Центральная улица, дом 6,  эт. 2/2 S:29.20 кв.м/18.30 кв.м;390000;продажа;продается однокомнатная квартира в хорошем состоянии
Комната. Великий Новгород, Александра Корсунова проспект, дом 36 к 2,  эт. 4/4 S:16.20 кв.м ;380000;продажа;Предлагается к продаже уютная комната в Западном районе, проспект Александра Корсунова 36 к 2 Площадь комнаты: 16,2 кв.м., располагается в 5 комнатной коммунальной квартире. Состояние комнаты обычное, чистая и светлая. Поклеены обои, на полу постелен паркет. По желанию хозяйка может оставить мебель. Установлен домофон. Места общего пользования в приличном состоянии, чисто и без запаха. с/у раздельный, имеется дополнительное место для хранения личных вещей. Хорошие и тихие соседи, на данный момент в комнатах постоянно проживают 2 женщины. Комната ждёт своего нового хозяина! Документы готовы к сделке. Звоните, покажу с удовольствием!
2-к кв. Великий Новгород, Людогоща улица, дом 8А,  эт. 1/1 S:55.00 кв.м/40.00 кв.м;14000;аренда;Сдаётся замечательная 2 комн. квартира в самом центре города на Людогоща, 8А. Квартира с ремонтом и современной мебелью и техникой. Въезжай и живи. Рядом автобусные остановки в любой конец города.Вся инфраструктура в шаговой доступности, разные кафе и магазины. До Кремлёвского парка 5 минут ходьбы. Квартира прекрасно подойдёт для семьи. Оплата: 14 000+счётчики. Звоните! Покажу с удовольствием!
Комната. Великий Новгород, Космонавтов улица, дом 24,  эт. 1/1 S:12.00 кв.м ;300000;продажа;Предлагается к продаже уютная комната с отличным ремонтом в Западном районе, Космонавтов 24 Площадь комнаты: 11 кв.м. Сделан свежий ремонт!Стены выровнены и поклеены качественные обои.Потолок отштукатурен.Установлены стеклопакеты и решетка на окне.На полу линолеум.Новая входная дверь. Протянуты кабели для интернета и телевидения. В Подарок хозяйка оставляет новую и современную стенку-шкаф. КСТ на 4 комнаты. Места общего пользования в обычном состоянии. Во дворе современная и большая детская площадка. В этом же доме недавно открыли магазин Осень, что особенно упрощает поход в магазин. Комната ждёт своего нового хозяина! Документы готовы к сделке. Звоните, покажу с удовольствием!
1-к кв. Подберезье деревня, Центральная улица, дом 85,  эт. 3/3 S:24.10 кв.м/10.40 кв.м;780000;продажа;Предлагается к продаже 1к.кв. с хорошим ремонтом! д. Подберезье, ул. Центральная д.85 Квартира в новом доме, 2014 года постройки! ЦГВ. Общая площадь: 24,1 кв.м. Во всей квартире установлены стеклопакеты. Площадь комнаты: 10,4 кв.м. В комнате сделан качественный ремонт, поклеены обои, потолок отштукатурен, на полу ламинат. Площадь кухни: 5 кв.м. Поклеены обои, на полу ламинат. С/у совмещённый, пол и стены в кафеле. Сантехника в хорошем состоянии. Большая прихожая 7,2 кв.м. Имеется оборудованная гардеробная с зеркальными дверьми и полками для одежды.Это удобное решение позволит Вам сэкономить место в комнате и хранить вещи в гардеробной. В подарок хозяева оставляют кухонный гарнитур! Отличное расположение дома, развитая инфраструктура! Приятный и современный двор с качелями, горками, скамейками и соснами. Рядом есть ещё одна большая площадка. Всё необходимое для комфортной жизни в шаговой доступности.Детский сад Солнышко, школа, магазины Магнит, пятёрочка, амбулатория, дом культуры. Квартира без долгов и обременений все документы готовы, один собственник, квартира свободна. Звоните, покажу с удовольствием!
2-к кв. Великий Новгород, Нехинская улица, дом 32,  эт. 6/6 S:60.60 кв.м/33.30 кв.м;3040000;продажа;Продается просторная 2 комнатная квартира с отделкой в кирпичном доме. Основные преимущества: - Дом 2012 г постройки - Чистый, ухоженный подъезд без посторонних запахов - Огромный застекленный балкон площадью 9,9м общая площадь указана без учета балкона с выходом из 2 комнат. - Кладовая - Раздельный санузел - Окна на 2 стороны не со стороны дороги - Продуманная планировка грязная зона прихожей отделена от коридора - Хорошая транспортная доступность - рядом несколько автобусных остановок. - Большая парковка, благоустроенный двор. - Вокруг дома есть множество магазинов верный, магнит, осень, пятерочка, парикмахерские, аптека, кафе Шарлотка ателье и прочее - В шаговой доступности школа, детская поликлиника, детский сад, физкультурно-оздоровительный комплекс Акрон с бассейном и прогулочным парком. - Отлично подойдет как для семьи так и для аренды в том числе посуточной тк часто приезжают спортсмены в ФОК Акрон. - Без долгов и обременений. - Возможны любые формы расчета. - Возможен ОБМЕН на 1комнатную кв. в районе Белого города. - Звоните, покажем в удобное для Вас время. Поможем с реализацией вашей недвижимости, с оформлением ипотеки. АН Эльфидэль Луконин Владимир
1-к кв. Великий Новгород, Московская улица, дом 8,  эт. 5/5 S:23.50 кв.м/16.60 кв.м;800000;продажа;Предлагается к продаже отличная квартира комната гостиничного типа, КГТ в пятиэтажном кирпичном доме на пятом этаже. Квартира очень теплая, светлая, чистая, с очень удобной планировкой. В квартире две комнаты 9,6 и 7 кв.м., есть спальня и гостиная, выходят на разные стороны. Кухня 5 кв.м. Санузел совмещенный. Площадь квартиры небольшая, но все размещено, все что нужно для комфортной жизни - имеется. В квартире установлен водонагреватель ТЕРМЕКС STAINLESS.G.5 из нержавеющей стали, оснащенный функциями ускоренного нагрева и безопасного выключения, благодаря чему повышается уровень безопасности устройства. В кухне четырехконфорочная электрическая плита с духовкой, что позволяет готовить всевозможные блюда, делать заготовки и печь пироги. Состояние квартиры обычное, установлены натяжные потолки, на полу ламинат, новая электропроводка. Сантехника в хорошем состоянии, есть стационарный фильтр для воды. Металлическая входная дверь. Остается новым хозяевам красивый зеркальный встроенный шкаф. Действительно хорошие соседи. Дом расположен в зеленом районе Торговой стороны. Рядом буквально в 5 минутах ходьбы расположен парк с большой детской площадкой, игровыми зонами и аттракционами. Для занятий спортом - в 10 минутах современный стадион Электрон, площадка с уличными тренажерами. . Для прогулок - набережная реки Волхов. Район с очень развитой инфраструктурой, прекрасной транспортной доступностью, рядом автобусные остановки. Все, что необходимо для комфортного проживания находится в пешей доступности: школы, Лицей-Интернат, детские сады, детские развивающие центры, гуманитарный и медицинский институты Новгородского университета, колледж искусств, медицинские центры, магазины, аптеки, Восточный рынок. Один собственник, прямая продажа, без поиска встречного варианта! Торг уместен. Звоните, приходите на просмотр, с удовольствием покажем!
2-к кв. Великий Новгород, Хутынская улица, дом 5,  эт. 1/1 S:47.60 кв.м/29.10 кв.м;1700000;продажа;Предлагается к продаже 2к.кв. на торговой стороне. ул. Хутынская 5 Кирпичный дом 1989г, высота потолка 2,9м! Вся квартира в обычном состоянии, приличная и чистая.Общая площадь: 47,6 кв.м.Комнаты изолированные. С/у раздельный. Окна выходят на тихий двор. Площадь гостиной: 16,3 кв.м. Комната большая и светлая. Площадь второй комнаты: 12,8 кв.м. Кухня: 7 кв.м, колонка автомат Отличное расположение дома в сочетании с развитой инфраструктурой! Всё необходимое для комфортной жизни в шаговой доступности. Магазины, школы, кафе, остановки, через дорогу расположен большой парк с детскими развлечениями и площадками, набережная для вечерних прогулок! Квартира без долгов и обременений все документы готовы, квартира свободна. Звоните, покажу с удовольствием!
3-к кв. Великий Новгород, Новгородская улица, дом 12,  эт. 2/2 S:50.30 кв.м/33.40 кв.м;1900000;продажа;Продается в мкр. Волховский Северная сторона трехкомнатная квартира 50.2 м.кв. на 2 этаже пятиэтажного кирпичного дома 1975 года постройки. Балкон утеплен, застеклен, обшит сайдингом. Окна: стеклопакеты, ориентированы на север и восток. На полу ламинат. Металлическая входная дверь. В квартире новые филенчатые двери. Колонка новая-автомат. Остается встроенная кухня. Счетчики на горячую, холодную воду. Счетчик на электричество день-ночь. В квартире имеется проводка кабельного телевидения, интернет. Чистый подъезд: стекло пакеты, плитка на полу. Хорошие соседи. Парковочное место. Отличное транспортное сообщение. Развитая инфраструктура: Магазины:5, Магнит, аптека, почта, в шаговой доступности школа, детский сад. Заботливые родители всегда думают о безопасности своих детей! Квартира без долгов. Не продано свое жилье Ипотека Субсидия Сертификат Решу Ваш вопрос . Звоните! Вас ждут бонусы.
Комната. Великий Новгород, Большая Санкт-Петербургская улица, дом 42,  эт. 4/4 S:18.00 кв.м ;750000;продажа;Вы ищете недорогое и комфортное жилье в центре города, тогда это предложение для Вас. Продается теплая и светлая КГТ на четвертом этаже в четырехэтажном кирпичном доме.По документам это комната 18 кв.м., а фактически это не комната, а отдельная КГТ или небольшая квартира площадью 21 кв.м., в которой есть комната 15 кв.м., а также свои кухня, прихожая и совмещенный санузел ванна и унитаз, бойлер, а также свой личный балкон, что являетя большой редкостью . Установлены стеклопакеты. Металлическая дверь, домофон. Требуется косметический ремонт. Квартира малонаселенная. Все соседи живут изолированно, без использования каких-либо общих мест пользования, по факту только общий коридор. Окно выходит во двор, то есть нет шума и смога Большой Санкт-Петербурсгвской улицы, ориентация юго-восток. Отсутствуют проблемы с парковкой. Комната находится в центре Великого Новгорода. В непосредственной близости с домом находятся Новгородский университет, политехнический колледж, торговый центр Волна, поликлиника Волна, Лента. Все, что необходимо для комфортного проживания находится в пешей доступности: школы, детские сады, всевозможные магазины и развлекательные центры. Прекрасная транспортная доступность, рядом с домом автобусная остановка. Отличное место для проживания. Один собственник, никто не прописан, документы готовы, прямая продажа, без поиска встречного варианта! Форма расчетов любая - наличные, ипотека, материнский капитал,субсидии, сертификаты. Звоните, приходите на просмотр, с удовольствием покажем!
3-к кв. Великий Новгород, Октябрьская улица, дом 12к4,  эт. 1/1 S:49.40 кв.м/35.70 кв.м;1750000;продажа;"Предлагается к продаже 3 к.кв на ул. Октябрьская, д.12 к.4. Отличное расположение дома, в сочетании с развитой инфраструктурой. В шаговой доступности магазин Пятерочка, Полимедика, аптеки, детский сад 73 ""Ладушки"". До автовокзала 5 минут, до Кремля пешком 15 минут. Окна выходят во двор, из окон видна школа  21, очень удобно для семьи, у кого есть школьники. Есть место для парковки. Вся квартира в обычном состоянии. Общая площадь 49,4 м.кв. Комнаты смежные, зал 17,9 м.кв, две другие комнаты - 10,4 и 7,4 м.кв. Квартира на первом этаже, есть сухое подвальное помещение - вход прямо из квартиры. Собственники оставляют диван, стенку, стиральную машинку. Документы в порядке. Квартира ждёт своего покупателя! Прекрасно подойдёт для любой семьи! Звоните, покажу с радостью!"
1-к кв. Великий Новгород, Большая Санкт-Петербургская улица, дом 124а,  эт. 9/9 S:31.60 кв.м/8.90 кв.м;1950000;продажа;Предлагается к продаже однокомнатная квартира в жилом комплексе Тринити, еще называемая евродвушкой, на девятом этаже шестнадцатиэтажного панельного дома. Квартира теплая, светлая. Общая площадь квартиры вместе с балконом 38,7 кв.м., площадь комнаты 8,9 кв.м., площадь кухни-гостиной 18.,3 кв.м. Высота потолков 2,7м. Достоинство квартиры большой балкон с панорамным остеклением, с которого открывается красивый вид на город, и можно любоваться великолепными закатами. Площадь балкона 7,1 кв.м., что позволяет организовать дополнительную полноценную зону отдыха, спортивный уголок или даже зеленый сад. В квартире свежий добротный ремонт. Установлены стеклопакеты, натяжные потолки, выровнены стены, поклеены качественные обои приятной цветовой гаммы. В санузле установлена сантехника хорошего качества, большая ванна т размером 1,7м. Перегородкой отделена зона кухни от прихожей, что придает дополнительный комфорт и уют. Добротная металлическая дверь. Одним словом -заезжай и живи. Отличный современный дом с европейской планировкой, чистый ухоженный подъезд. Проход на этаж закрывается магнитным ключом. В доме два лифта, пассажирский и грузовой, подъемник для колясок. Видеонаблюдение снаружи и в подъезде. Вокруг дома расположено большое количество парковочных мест. Для новых хозяев останется встроенная кухня и большой вместительный шкаф. Район с очень развитой инфраструктурой, прекрасной транспортной доступностью, рядом находятся автобусные остановки. Все, что необходимо для комфортного проживания находится в пешей доступности: школы, гимназия, детский образовательный центр , аптеки, детские сады, торговый центр Феникс, всевозможные магазины и т.д. Для отдыха и прогулок рядом находятся река Волхов и парк Луговой с большим прудом, оборудованный прогулочными дорожками. Рядом с прудом находятся большая новая детская площадка и спортивная зона с уличными тренажерами. Отличное место для проживания. Форма расчетов любая - наличные, ипотека, субсидии, сертификаты. Звоните, приходите на просмотр, с удовольствием покажем!
3-к кв. Великий Новгород, Завокзальная улица, дом 1к1,  эт. 5/5 S:103.80 кв.м/47.20 кв.м;4400000;продажа;Предлагается к продаже двухуровневая 3к.кв. ул. Завокзальная 1 корп 1 Кирпичный дом 2006 года, в элитном районе нашего города. 5 этаж + мансарда площадью 56,2 кв.м. Общая площадь: 103,8 кв.м.+лоджия. Окна выходят на ухоженный и чистый двор. Во всей квартире установлены стеклопакеты. Просторная квартира без чистовой отделки позволит Вам сделать ремонт своей мечты! Удачная планировка. Большая кухня-гостиная 1 этаж 26,5 кв.м. с выходом на лоджию 1,2м.6м., позволит вам с комфортом разместить мебель и организовать обеденную зону. Площадь комнаты 1 этаж 17,3 кв.м. С/у на 1 этаже 3,8 кв.м., в кафельной плитке. Пол с подогревом. Сантехника в хорошем состоянии. Водоснабжение и отопление металлопластиковые трубы Henco. Новая электропроводка. Полы на первом этаже с дополнительной шумоизолирующей стяжкой На 2 этаж ведёт деревянная лестница. Вы попадаете в хол, две комнаты изолированные. Площадь комнат: 15,2 и 14,7. Комнаты с интересными мансардными окнами. Так же на 2 этаже имеется с/у 7,4 кв.м. Кафельная плитка и огромная угловая Ванна. Тихие и интеллигентные соседи. Удачное расположение дома в сочетании с развитой инфраструктурой! Всё необходимое для комфортной жизни в шаговой доступности. Рядом Детский сад и школа, тц Мармелад, магазины и остановка. Большая детская площадка, ледовый дворец. Недалёко большой центральный парк и Новгородский Кремль - сердце города, где можно гулять и наслаждаться свежим воздухом. Звоните, покажу с удовольствием!
2-к кв. Великий Новгород, Воскресенский бульвар, дом 1,  эт. 3/3 S:42.00 кв.м/34.00 кв.м;12000;аренда;Cдаётся уютная 2-x комнaтная квaртира в центре гоpодa ул. Воскресенский бульвар,д.1. Кваpтирa чистая, светлая, после косметического ремонта. Была сделана перепланировка и комнат стало 3. В каждой комнате раскалывающийся диван. В квартире всё есть для комфортного проживания: въезжай и живи! Очень удобное расположение, рядом остановки, парки. Вся инфраструктура рядом: магазины, школы, дет.сады. Bo двоpе есть место для парковки. Квартира прекрасно подойдёт для семьи! Оплата 12000 в месяц + счётчикисвет и вода Звоните, покажу с удовольствием!
4-к кв. Великий Новгород, Попова улица, дом 15к3,  эт. 5/5 S:62.10 кв.м/43.80 кв.м;2000000;продажа;"Предлагается к продаже 4 к.кв с балконом, на ул. Попова, д.15 к.3. Хорошее расположение дома, в достаточно зелёной зоне Западного района с развитой инфраструктурой. Прекрасный вид из окон, много зелени. Общая площадь 62,1 м.кв. Зал - 17,9 м.кв, две другие комнаты - 9,2 и 8,3 м.кв., изолированная комната 8,4 м.кв. В одной из комнат сделан косметический ремонт. Квартира в обычном состоянии, готова к косметическому ремонту под вкус нового собственника. Одну из комнат можно соединить с кухней и сделать кухню-студию. Во всей квартире стеклопакеты. Кухня не маленькая 6,6 м.кв Квартира прекрасно подойдёт для семьи с детьми! Рядом два детских сада 62 , 68 Чебурашка, 9 Журавлик, школа 26. Через дорогу детский сад  86 Кораблик, Детская поликлиника 2, ""Светлый сквер"" для прогулок, библиотека, магазины, ФОК ""АКРОН"", для тех кто любит спорт и плавание есть бассейн. Без долгов и обременений.Все документы готовы. Звоните, покажу с радостью!"
Комната. Великий Новгород, Московская улица, дом 26к1,  эт. 3/3 S:17.40 кв.м ;470000;продажа;Предлагается к продаже на 3-м этаже замечательная комната 17 м.кв на Торговой стороне ул. Московская д.26 к.1. Сама комната светлая, два окна со стеклопакетами. Окна выходят во двор. Комната разделена на жилую часть 12,4 и кухню 5 м.кв. На секции 4 комнаты, есть общий балкон, общая кухня. Места общего пользования чистые, поставлена новая ванна. Соседи порядочные. Сам дом удачно расположен, рядом остановка, ходит автобус 6 магазин Магнит и Пятерочка, есть дет.сад и школа. Перед домом просторная парковка. Документы в порядке! Комната подойдёт как для семьи, так и для одного человека. Звоните,покажу с радостью!
3-к кв. Великий Новгород, Зеленая улица, дом 12,  эт. 1/1 S:117.00 кв.м/76.33 кв.м;7700000;продажа;Продается роскошная 3 комнатная квартира в элитном районе Великого Новгорода. Дом удачно расположен вдали от оживленных шумных улиц, и окружен парками парк Антониева монастыря, парк отеля Park Inn, парк 60лет октября с детскими и спортивными площадками, сразу за которым начинается набережная А. Невского Рядом с домом имеется вся возможная инфраструктура начиная от поликлиник и детских садов их здесь 4, включая частный и заканчивая лодочной станцией, рестораном итальянской кухни, и СПА-центром с бассейном. Кирпичный дом построен в 2007, обладает отличной шумоизоляцией, имеет закрытый ухоженный двор с видеонаблюдением, большой парковкой и детской площадкой. Поквартирное автономное отопление позволяет всегда поддерживать дома комфортную температуру и существенно экономить на коммунальных платежах. Сама квартира, кроме современного дизайнерского ремонта с использованием дорогих материалов, обладает продуманной планировкой  планировка узаконена  с просторными комнатами, огромной гостиной, которая легко заменит банкетный зал ресторана, двумя санузлами и вместительной гардеробной. Расположение квартиры на первом этаже дома позволило обустроить в подвальном помещении прачечную комнату с выходом из кухни, которую легко можно переоборудовать в кабинет или тренажерный зал. Возможна продажа вместе со всей имеющейся мебелью, техникой и даже ГАРАЖОМ, который находится в 2х минутах ходьбы. Лучший вариант для тех, кто умеет ценить комфорт и высокое качество жизни.
3-к кв. Великий Новгород, Федоровский Ручей улица, дом 27,  эт. 1/1 S:59.00 кв.м/46.20 кв.м;2900000;продажа;Продается Квартира с отличным ремонтом в одном из лучших районов города. В квартире были выровнены стены, усилены углы во всех комнатах, заменены счетчики и проводка. Поклеены свежие обои, на полу в комнатах паркетная доска, потолки покрыты декоративной крошкой, установлены стеклопакеты, во всех комнатах проведены интернет и тв-кабели. Санузел раздельный, в кафеле. В туалете канализационная труба поменяна и изолирована рольставнями с полками. Это существенно уменьшило уровень шума. Есть рабочее место в кладовке, там оборудованы стеллажи и стол из качественных материалов. Остаются отличная встроенная кухня и прихожая. Тихие соседи, чистый подъезд, без запахов. Благоустроенный двор. Во дворе детская площадка, в шаговой доступности школа, взрослая и детская поликлиника, гипермаркеты: пятерочка, магнит, осень, Гагаринский рынок, набережная, Кремлевский парк. Задолженности по ЖКХ отсутствуют. Квартира готова к продаже. Быстрый выход на сделку! Все виды расчетов.
1-к кв. Великий Новгород, Большая Московская улица, дом 114 к1,  эт. 3/3 S:29.10 кв.м/16.40 кв.м;1650000;продажа;Предлагается к продаже 1к.кв. на торговой стороне. ул. Большая Московская 114 к 1 Кирпичный дом, 3 этаж! В квартире сделан качественный и современный ремонт. Общая площадь: 29,4 кв.м. Площадь гостиной: 16,4 кв.м. Комната большая и светлая. Потолок и стены выровнены, качественные обои. На полу ламинат. Из комнаты выход на застекленный балкон. Кухня: 6 кв.м. Современный кухонный гарнитур, с новой колонкой-автомат, выполненный под заказ, позволит Вам готовить с комфортом! На полу ламинат, натяжной потолок. С/у совмещённый, в кафеле. Вся сантехника в отличном состоянии. Все трубы и стояки поменяны. Прихожая 3,4 кв.м. На полу ламинат. Встроенный зеркальный шкаф-купе. Новая и качественная входная дверь Torex. В квартире установлены стеклопакеты. Приятный бонус: хозяин оставляет кухонный гарнитур и зеркальный шкаф-купе в прихожей. Отличное расположение дома в сочетании с развитой инфраструктурой! Всё необходимое для комфортной жизни в шаговой доступности. Магазины, рынок, школы, детские сады, кафе, больницы, остановки. Недалеко расположен большой парк с детскими развлечениями и площадками, набережная для вечерних прогулок! Благополучные жители дома. Квартира без долгов и обременений, один взрослый собственник. Звоните, покажу с удовольствием!
2-к кв. Великий Новгород, Большая Санкт-Петербургская улица, дом 30,  эт. 4/4 S:41.40 кв.м/25.90 кв.м;1700000;продажа;Предлагается к продаже 2 к.кв. в 20 минутах от исторического центра Великого Новгорода. Квартира в кирпичном доме на 4 этаже по улице Большая Санкт-Петербургская д. 30. Квартира чистая, уютная, тёплая с изолированными комнатами. Окна во двор. Общая площадь: 41,4 кв.м. Гостиная 14 кв.м. Пол ламинат. Площадь 2 комнаты 11,9 кв.м с выходом на застекленный балкон. На полу ламинат. С/у совмещённый стены и пол кафель, новый натяжной потолок, сантехника поменяна, установлен счетчик на воду. На кухне новый натяжной потолок, на полу линолеум. Установлена колонка автомат. В квартире остаётся встроенный кухонный гарнитур с современной варочной панелью, прихожая, компьютерный стол и вместительный шкаф. В квартире установлена новая входная дверь Torex, стеклопакеты и поменяны межкомнатные двери. Отличное расположение дома с сочетанием развитой инфраструктурой. Всё необходимое для комфортной жизни в шаговой доступности. Рядом магазины, остановка, детский сад, школа, стадион для занятий спортом. Рядом с детским садом детская площадка для прогулок с ребёнком. Квартира ждёт своего нового хозяина. Звоните покажу с удовольствием.
3-к кв. Великий Новгород, Александра Корсунова проспект, дом 40 к 6,  эт. 5/5 S:87.70 кв.м/53.50 кв.м;5199000;продажа;"Предлагается к продаже необычная двухуровневая 3к.кв. с камином в кирпичном доме по адресу пр-кт А. Корсунова д.40 кор.6. Квартира занимает 5-й и 6-й этажи. Высота потолков 1-го уровня квартиры - 2,75 м, 2-го уровня - 2,65 м. Над 6-м этажом расположен тех этаж и общие кладовые, т.е. в квартире нет мансардных помещений. Общая площадь квартиры - 87,7 кв.м На 1-м этаже расположена кухня S 11,4 кв.м, из которой есть выход на лоджию S 1,4 кв.м, большая комната с эркером S 22,6 кв.м и совмещенный с/у S 3,2 кв.м Из прихожей правильной формы на 2-й уровень квартиры ведет маршевая деревянная лестница. На 2-м уровне расположена комната S 19,3 кв.м с выходом на застекленный балкон полукруглой формы S1,3 кв.м, комната S 11,6 кв.м., совмещенный с/у S 3,1 кв.м, гардеробная S 3,3 кв.м В квартире установлены стеклопакеты, на балконе - деревянные рамы. На полу везде в квартире паркет, на кухне поверх паркета - линолеум.  Потолок 1-го уровня декорирован лепниной, на потолке 2-го уровня - оригинальная плитка. М/к двери - шпон. Встроенная кухня остается новым жильцам, в т.ч. варочная панель DEXP, духовой шкаф GEFEST, посудомоечная машина BOSH, возможно также холодильник. На воду установлены 3 пары счетчиков. Двойная входная дверь, домофон, в подъезде мусоропровод. Достойные соседи. Дом окружен цветами и зеленью, рядом - удобная парковка, неподалеку детская площадка. Магазины ""Магнит"" и ""Пятерочка"" в шаговой доступности. Недалеко до живописного берега Веряжки и церкви Александра Невского. Недолго добираться до 34-й школы и детского сада ""Ромашка"". Квартира без долгов и обременений, в совместной собственности у супругов. Звоните, буду рада показать и рассказать."
3-к кв. Великий Новгород, Александра Корсунова проспект, дом 38  кор. 7,  эт. 4/4 S:74.00 кв.м/42.80 кв.м;4685000;продажа;"Появилась в продаже яркая и выразительная 3-х комн. квартира с очень качественным стильным и современным дизайнерским ремонтом. Квартира общей площадью 74 кв.м расположена на 4-м этаже кирпичного дома по проспекту А. Корсунова. Кухня - 12 кв.м, изолированные комнаты 20/12,8/10 кв.м Окна всех комнат выходят во двор, на запад, окно кухни - на восток. Две застекленные лоджии. На одной - аккуратные встроенные шкафчики с двух сторон есть на фото. Во всей квартире разноуровневый потолок с точечным освещением. Напольное покрытие детской комнаты - пробковое, в двух других комнатах - паркетная доска, в остальных помещениях - керамогранит. Под керамогронитом проложен теплый пол. Документы на счетчики в наличии. На всех батареях установлены терморегуляторы. Детская комната - изюминка квартиры. В стоимость продажи входит: двухуровневая кровать, шкаф, угловой шкаф с зеркальными дверями, большой угловой стол, спортивный комплекс. Все в прекрасном состоянии. В спальне выделена ниша у изголовья кровати. В светлой и просторной гостиной остается большой шкаф-купе, в котором помимо отделений для одежды предусмотрен рабочий уголок есть на фото. Еще один шкаф-купе остается в прихожей. Все мебельные дверцы и ящики гостиной, кухни и ванной комнаты оборудованы доводчиками. Остается элегантная встроенная кухня. Полки нижнего уровня оборудованы выкатными механизмами. Установлен фильтр Аквафор. В стоимость продажи входит духовой шкаф и варочная поверхность Bosh, вытяжка. Есть подводка для посудомоечной и стиральной машин шириной 60 см. С/у раздельный, в морской стилистике. Глубокая ванна длиной 180 см. Двойная входная дверь. Между входными дверями создан небольшой тамбур, выложенный кафельной плиткой. Аккуратный чистый подъезд, спокойные соседи. Во дворе большая площадка для игр и просторное место для парковки. С западной стороны дом огорожен забором. Рядом магазин, остановки, недалеко живописный берег Веряжки, церковь Александра Невского. Недолго добираться до 33-й и 34-й школ, 4-й гимназии, детских садов ""Ромашка"" и ""Колокольчик"". Квартира свободна от проживания, без долгов и обременений, один взрослый собственник. Буду рада показать эту квартиру тем, кто ценит качество и комфорт. Обращайтесь!"
1-к кв. Великий Новгород, Большая Санкт-Петербургская улица, дом 108к3,  эт. 9/9 S:37.30 кв.м/19.10 кв.м;1800000;продажа;Предлагается к продаже уютная 1 к.кв. в районе Луговом на ул. Большая-Санкт-Петербургская, д.108, к.3.Дом 2012 года постройки. Квартира светлая, в хорошем состоянии. Общая площадь 37,3 м.кв. Просторная комната 19 м.кв., пол линолеум, окна стеклопакеты, из комнаты выход на застекленную лоджию. В подарок новым хозяевам остаётся стенка, шкаф и диван. Кухня 8,3 м.кв., правильной формы, окна стеклопакеты. В подарок остаётся встроенная кухня и холодильник. Ванная комната совмещённая, в подарок остаётся стиральная машинка. Есть вместительная гардеробная. Квартира на девятом этаже, с лифтом, есть целый 10-й тех.этаж. Для тех, кто любит тишину над головой, эта квартира - идеальный вариант. Спокойные и благополучные соседи. Все окна выходят во двор, во дворе есть детская площадка. Сам район с развитой инфраструктурой, есть как места для отдыха: парк Луговой с детской площадкой, множеством скамеек и прудом с уточками, так и разные магазины, в том числе ТЦ Феникс,ДС 66, гимназия Исток Рядом магазины, аптеки, остановки общественного транспорта, до автобусной остановки 2 минуты ходьбы. Квартира прекрасно подойдёт как для семьи, так и для одного человека. Можно заехать и жить, или приобрести квартиру для сдачи в аренду! Звоните! Покажу с удовольствием!
1-к кв. Великий Новгород, Большая Московская улица, дом 84,  эт. 5/5 S:30.30 кв.м/18.40 кв.м;1450000;продажа;Предлагается к продаже светлая и уютная однокомнатная квартира в пятиэтажном кирпичном доме на пятом этаже на Торговой стороне, ул. Большая Московская, дом 84. В доме имеется техэтаж. Квартира очень теплая, с хорошей звукоизоляцией. Площадь квартиры 30,3 кв.м., площадь комнаты 18,4 кв.м.,кухня 6 кв.м. Санузел совмещенный. В квартире установлена колонка нового поколения марки Электролюкс, установлены счетчики на газ, воду и электричество. Платежи за коммунальные услуги небольшие. В санузле свежий ремонт, новый кафель на полу и стенах. На всех окнах установлены стеклопакеты. Окна выходят во двор, а не на магистраль Большой Московской, шума и смога не будет. Металлическая входная дверь. Хорошие соседи. Дом расположен в зеленом районе Торговой стороны. Рядом буквально перейти дорогу расположен парк с большой детской площадкой, игровыми зонами и аттракционами. Для занятий спортом - в 5 минутах современный стадион Электрон, площадка с уличными тренажерами. Для пеших прогулок - набережная реки Волхов и Антониев монастырь.. Район с очень развитой инфраструктурой, прекрасной транспортной доступностью, автобусная остановка рядом с домом. Все, что необходимо для комфортного проживания находится в пешей доступности: школы, гимназии, детские сады, детские развивающие центры, гуманитарный и медицинский институты Новгородского университета, колледж искусств, медицинские центры, магазины, аптеки, Восточный рынок. Один собственник, документы готовы, прямая продажа, без поиска встречного варианта, быстрый выход на сделку! Форма расчетов любая - наличные, ипотека, субсидии, сертификаты. Звоните, приходите на просмотр, с удовольствием покажем! Торг уместен.
2-к кв. Великий Новгород, Завокзальная улица, дом 4,  эт. 6/6 S:52.80 кв.м/32.90 кв.м;3000000;продажа;Предлагается к продаже замечательная двухкомнатная квартира с ремонтом на ул. Завокзальная, д.4. Дом 2011 года постройки. Общая площадь 52,8. Во всей квартире пол ламинат, окна стеклопакеты. Новые межкомнатные двери. Гостинная - 19,0 кв.м. Просторная и светлая комната, можно очень удачно расположить мебель. На полу ламинат. Из комнаты выход на застеклённую лоджию. Вторая комната - 14 кв.м. квадратная, пол ламинат. Коридор просторный - 8,4 кв.м. Новая качественная входная дверь. Натяжной потолок. Кухня квадратная - 7,6 кв.м. Натяжной потолок. В подарок остаётся встроенная кухня с новой плитой. С/у раздельный, в отличном состоянии сантехника. Натяжной потолок. Стены из декоративных панелей. Сам дом удачно расположен, район считается одним из элитных в городе. В шаговой доступности магазины, ТЦ Мармелад, парк Юности, Ледовый дворец, автовокзал, ж.д. вокзал, остановки, школа 25, 23. Сам двор и дом ухоженный, в зелени.Есть придомовая детская площадка, баскетбольная площадка, зелёная зона отдыха. Места для парковки. Жильцы дома благополучные. Квартира прекрасно подойдёт для любой семьи! Документы в порядке. Звоните, покажу с радостью!
2-к кв. Великий Новгород, Космонавтов улица, дом 20к2,  эт. 5/5 S:45.20 кв.м/28.60 кв.м;2000000;продажа;Предлагается к продаже 2к.кв. в Западном районе. ул. Космонавтов 20к2 Общая площадь: 45,2 кв.м. Комнаты изолированные! Окна выходят на тихий двор. Во всей квартире установлены стеклопакеты. Площадь гостиной: 17 кв.м. На полу качественный ламинат, натяжной потолок. Выход на застекленный балкон, обшитый панелями. Площадь 2 комнаты: 12 кв.м. На полу ламинат, натяжной потолок. В кухне установлен качественный, встроенный на заказ гарнитур, хорошая раковина под имитацию камня. Колонка автомат. С/у совмещённый. Стены обшиты панелями, пол в кафельной плитке, натяжной потолок. Трубы и стояк заменены. Установлена раковина под стиральную машину. Большой коридор, хорошая входная дверь. В другом конце коридора есть глубокая ниша в которой можно расположить встроенный шкаф. В подарок хозяйка оставляет кухонный гарнитур, обеденный стол, стиральную машину, стенку в прихожей, а так же закуплены новые обои на коридор. Тёплый дом, сделан кап. ремонт крыши, чистый подъезд, хорошие соседи. Во дворе находится детская площадка. Отличное расположение дома, развитая инфраструктура! Всё необходимое для комфортной жизни в шаговой доступности: детские сады, Школы, остановки, продуктовые магазины. Квартира без долгов и обременений. Один взрослый собственник. Звоните, покажу с удовольствием!
Комната. Великий Новгород, Хутынская улица, дом 25к1,  эт. 5/5 S:15.02 кв.м ;315000;продажа;"Предлагается к продаже чистая и светлая комната в Донецком районе Великого Новгорода. 12 кв.м, КСТ, 5/5. Секция на четыре комнаты, одна пустует, в двух других проживают аккуратные и чистоплотные молодые семьи с детьми. Комната по документам выделена, согласие соседей на продажу не требуется. Крыша в секции отремонтирована в этом году. Из секции есть выход на балкон. В комнате установлен стеклопакет, сделан свежий ремонт, на потолке - плитки ПВХ. На этаж ведет металлическая дверь с кодовым замком. В душе кафель и свежая побелка. Туалеты чистые. В кухне установлен стеклопакет, состояние кухни и умывальни в хорошем состоянии. Есть возможность установить стиральную машину. В шаговой доступности школа 13, детский сад 71, школа-детский сад коррекционного типа ""Тополек"", аптека, магазины, остановки, расчетно-кассовый центр . Рядом мединститут, комнату можно сдавать студентам. Без долгов и обременений. Один взрослый собственник. Любые формы расчетов: маткапитал, ипотека. Звоните, буду рада показать и рассказать."
2-к кв. Великий Новгород, Московская улица, дом 14,  эт. 2/2 S:58.30 кв.м/38.10 кв.м;4300000;продажа;Предлагается к продаже солнечная, теплая двухкомнатная квартира на втором этаже пятиэтажного кирпичного дома, на улице Московской, дом 14. Отличная планировка. Площадь квартиры 58,3 кв.м., две изолированные комнаты площадью 18,7 и 17,4 кв.м., имеющие удобную форму широкого прямоугольника, кухня 9,1 кв.м. Санузел раздельный. Застекленная лоджия с выходом из кухни. Окна выходят во двор, ориентация восток и юг. Толстые стены, хорошая тепло- и звукоизоляция. В квартире индивидуальное автономное отопление, установлен газовый котел Viessmann, это позволяет регулировать климат в квартире по своему усмотрению в любое время года и значительно экономить на коммунальных платежах. Квартира продается вместе с просторным и сухим подвальным помещением площадью 6,3 кв.м. Респектабельный дом 2014 года постройки, застройщик ЗАО СУ-5. Закрытый большой двор с видеонаблюдением, вход и въезд по ключу. Ухоженная территория с красивыми зелеными насаждениями, детской площадкой и большим количеством парковочных мест. Дом расположен в зеленом районе Торговой стороны. Рядом расположен парк с большой детской площадкой, игровыми зонами и аттракционами. Для занятий спортом - в 5 минутах современный стадион Электрон, площадка с уличными тренажерами. Район с очень развитой инфраструктурой, прекрасной транспортной доступностью. Все, что необходимо для комфортного проживания находится в пешей доступности: школы, гимназии, детские сады, детские развивающие центры, гуманитарный и медицинский институты Новгородского университета, колледж искусств, медицинские центры, магазины, аптеки, Восточный рынок. Один собственник, документы готовы, без долгов и обременений, прямая продажа, без поиска встречного варианта, быстрый выход на сделку! Форма расчетов любая - наличные, ипотека, субсидии, материнский капитал, сертификаты. Звоните, приходите на просмотр, с удовольствием покажем! Торг уместен.
2-к кв. Великий Новгород, Мира проспект, дом 10,  эт. 1/1 S:44.80 кв.м/27.40 кв.м;2225000;продажа;"Появилась в продаже 2-х комнатная квартира в Западном районе проспект Мира, д. 10 на 1 этаже 5-этажного панельного дома. Квартира теплая, уютная и светлая. Общая площадь 44,8 кв. м, комнаты изолированы. Площадь гостиной 17,5 кв.м. Комната большая и светлая, прямоугольной формы, что позволят удобно расставить мебель. Стены выровнены, хорошие обои. Вторая комната 9,9 кв.м. так же светлая и имеет квадратную форму., постелен ламинат. Кухня 6,7 кв.м., остается кухонный гарнитур, ЦГВ! Большая прихожая, металлическая входная дверь и есть не большая кладовка. С/у раздельный.Стояки, трубы поменяны. Дом находится в стороне от проезжей части, в тихом зеленом дворе. Рядом расположены гимназия 4, два детских сада, ТЦ ""Барк"", магазины, аптеки, остановки. Квартира без долгов и обременений. Звоните, покажу с удовольствием!"
2-к кв. Великий Новгород, Черняховского улица, дом 86,  эт. 3/3 S:45.00 кв.м/32.00 кв.м;13000;аренда;Сдаётся нa длительный cрок 2-х кoмнатная квaртиpа в cпoкойном,зелeнoм цeнтpe гopода. Рядoм магaзины,ocтанoвки oбщественногo тpанcпоpта, унивepситeт,паpк. B кваpтире сделaн кocмeтичеcкий ремон. В квартире есть всё необходимое для проживания, кроме спальных мест. Оплата:13000+ счётчики вода, свет, газ Звоните! Покажу с радостью!
3-к кв. Великий Новгород, Щитная улица, дом 11/13,  эт. 3/3 S:77.00 кв.м/58.00 кв.м;23000;аренда;Сдаётся 3х комнaтнaя квaртиpa на Торговой стороне в 5 минутах от набережной Александра Невского на ул. Щитная, д.11/13 Удобная планиpовкa для ceмьи - всe кoмнаты изолировaны.  Kухня oснaщенa тeхникoй, включая: xoлодильник, микpоволновку, чайник, вapoчную пaнель. Стиральная машина. Есть балкон. Зaкрытaя тepритoрия, въезд под шлaгбаум. Месячная оплата: 23000 всё включено Звоните! Покажу с радостью!
4-к кв. Великий Новгород, Большая Санкт-Петербургская улица, дом 150,  эт. 1/1 S:70.00 кв.м/54.00 кв.м;2600000;продажа;"Продается в Северном районе четырехкомнатная квартира 70 м.кв. на 1 этаже девятиэтажного кирпичного дома. Кухня:6 м.кв. Санузел раздельный.Счетчики на воду. Чистый подъезд, хорошие соседи, парковочное место. Развитая инфраструктура: Магазины, Сбербанк, аптека, гимназия ""Исток"", детская площадка, детский сад. Заботливые родители всегда думают о безопасности своих детей! Хорошие соседи. Отличное транспортное сообщение. Рассмотрю любые формы расчетов. Не продано свое жилье Ипотека Субсидия Сертификат Решу Ваш вопрос. Звоните!"
1-к кв. Великий Новгород, Каберова-Власьевская улица, дом 15,  эт. 3/3 S:30.90 кв.м/17.20 кв.м;9000;аренда;"Сдам 1к кв. в центре Великого Новгорода, до Кремлевского парка и реки Волхов - 5 мин, до институтов НовГу 15 мин. В шаговой доступности два детских сада, магазин. Квартира чистая, запахов нет. Есть кладовка и балкон, окна выходят во двор, стеклопакеты. Установлена колонка-автомат, счетчики. Отличный напор воды. В доме есть тепловой узел, контролирующий мощность нагрева батарей. В наличии небольшой холодильник, чайник, утюг, телевизор, пылесос. Собственник может установить стиральную машинку ""Малютка"", либо стир. машину б/у после оплаты первого месяца проживания. Оплата 9000 руб. + счетчики + залог 3000 руб. Квартира подойдет для проживания женщины с ребенком, студента института экономики и управления, института непрерывного пелагогического образования НовГУ им. Ярослава Мудрого. Звоните, покажу и расскажу с радостью."
3-к кв. Великий Новгород, Большая Московская улица, дом 114к1,  эт. 5/5 S:60.60 кв.м/46.20 кв.м;2150000;продажа;Предлагается к продаже 3 к.кв на Торговой стороне на ул. Большая Московская, д.114 к1 на 5 этаже для дружной семьи. Дом кирпичный, общая площадь квартиры 60,6 м.кв, комнаты смежно-изолированные, есть балкон, застеклен и обшит деревом. Квартира светлая, тёплая, в обычном состоянии. Есть две вместительные кладовки. Зал 17,5 м.кв пол деревянный, окно выходит на улицу Б.Московская. Вторая комната - 13 м.кв, пол деревянный, окно также выходит на улицу. Третья комната 15,7 м.кв, пол деревянный, окно во двор. Кухня 5,9 м.кв, сделан фартук из плитки, газовая плита Hansa, колонка полу-автомат, окно выходит во двор. С/у раздельный, в кафеле, сантехника в хорошем состоянии. Трубы поменяны, установлен счетчик. Во всей квартире установлены стеклопакеты. Квартира ждет хозяина, готового вложить средства в создание качественного и элегантного жилья. Отличное расположение дома в сочетании с развитой инфраструктурой! Всё необходимое для комфортной жизни в шаговой доступности. Магазины, рынок, школы, детские сады, кафе, больницы, остановки. Недалеко расположен большой парк с детскими развлечениями и площадками, набережная для вечерних прогулок! Благополучные жители дома. Без долгов и обременений, свободна от проживания, один взрослый собственник. Буду рада вашим звонкам, готова показать квартиру в любой день.
2-к кв. Великий Новгород, Большая Санкт-Петербургская улица, дом 89а,  эт. 1/1 S:54.00 кв.м/36.00 кв.м;1500000;продажа;"Продается в Северном районе светлая, чистая двухкомнатная квартира на 1 этаже двухэтажного кирпичного дома, общая площадь 54 м.кв, перекрытия железо-бетонные.Комнаты изолированные, правильной формы. Окна ориентированы на юг, стекло-пакеты. Кухня:6 м.кв.Большая прихожая. Санузел совмещенный.Счетчики на воду,бойлер. Чистый подъезд, металлическая входная дверь. Развитая инфраструктура: Магазины: Дикси, Магнит, аптека в шаговой доступности, гимназия ""Исток"", детская площадка, парк Луговой. Квартира без обременения, документы в порядке. Отличное транспортное сообщение. Рассмотрю любые формы расчетов. Не продано свое жилье Ипотека Субсидия Сертификат Решу Ваш вопрос. Звоните! Покажу в удобное для Вас время."
2-к кв. Шимск рп, зеленая, дом 10,  эт. 1/1 S:30.80 кв.м/20.00 кв.м;830000;продажа;Предлагается к продаже двухкомнатная квартира в кирпичном одноэтажном четырехквартирном жилом доме на земельном участке 7,18 соток в п.г.т. Шимск. Шимск расположен в 48 км от г. Великий Новгород. Дом обшит сайдингом. Общая площадь квартиры 30,8 кв.м. В квартире 3 комнаты. В двух комнатах на полу ламинат, поклеены свежие обои. В третьей комнате стены окрашены. Во всей квартире установлены стеклопакеты и межкомнатные двери. В квартире выложена новая печка с духовкой. На участке построен новый дровяник для хранения дров. Дом может стать прекрасным вариантом как для постоянного проживания, так и для загородного отдыха. В шаговой доступности грибы и ягоды. Для любителей рыбной ловли в двух минутах ходьбы река Шелонь. В поселке есть магазины, поликлиника, больница, школа, детский сад, автовокзал. Один совершеннолетний собственник. Прямая продажа. Звоните, покажу с удовольствием!
Комната. Великий Новгород, Щусева улица, дом 8к4,  эт. 2/2 S:210.00 кв.м ;250000;продажа;"Продается в Северном районе комната 13,7 м.кв коридорного типа, на 2 этаже двухэтажного кирпичного дома 1985 года постройки. Перекрытия железо-бетонные, комната правильной формы. Окна, дверь и пол деревянные. Чистые:кухня, умывальник,прачечная, туалет. На 1 этаже душевая, закрывается на замок. Развитая инфраструктура: магазины: Эконом, Дикси, Магнит, аптека, Сбербанк, гимназия ""Исток"", детская площадка, парк Луговой. 5 мин до реки Волхов. Люди гуляют по берегу, летом загорают и купаются. Комната без обременения, документы в порядке. Отличное транспортное сообщение. Рассмотрю любые формы расчетов. Не продано свое жилье Ипотека Субсидия Сертификат Решу Ваш вопрос. Звоните! Покажу в удобное для Вас время."
2-к кв. Панковское городское поселение пгт, Индустриальная, дом 6к2,  эт. 3/3 S:48.10 кв.м/27.90 кв.м;1800000;продажа;Предлагается к продаже 2-х комнатная квартира в пгт. Панковка на 3 этаже 5-этажного кирпичного дома 2000 года. Квартира теплая, уютная и светлая в обычном состоянии. Общая площадь 48,1 кв. м, комнаты изолированы, выходят на разные стороны. Площадь гостиной 14,6 кв.м. Комната большая и светлая, прямоугольной формы, что позволят удобно расставить мебель. Вторая комната 13,3 кв.м. так же светлая и имеет квадратную форму. Кухня 8 кв.м., ЦГВ! Из кухни выход на вместительную застекленную лоджию. Большая прихожая 8,2 кв.м. С/у раздельный. Стояки, трубы поменяны. Квартира свободна от проживания, ждет уверенных и хозяйских рук! Дом находится в стороне от проезжей части, в тихом дворе. Рядом расположены детский сад, школа, магазины, аптека, остановки. Квартира без долгов и обременений. Рассмотрю любые формы расчетов. Не продано свое жилье Ипотека Субсидия Сертификат Решу Ваш вопрос. Звоните! Покажу в удобное для Вас время.
2-к кв. Панковское городское поселение пгт, Индустриальная, дом 25А,  эт. 1/1 S:55.40 кв.м/26.80 кв.м;1500000;продажа;Предлагается к продаже 2х комнатная квартира, 1/3 кирпичного дома 1999 г.п. на Индустриальной улице дом 25А. Общая площадь 55,4 кв.м. Изолированные комнаты 12,2/14,6 кв.м Кухня: 11,5 кв.м. Современный кухонный гарнитур, позволит Вам готовить с комфортом! На полу ламинат, натяжной потолок. Помещения правильной прямоугольной формы. С/у раздельный, новая душевая кабина. Все трубы и стояки поменяны. В одной комнате имеется просторная кладовая, которую можно сделать гардеробной. Просторная прихожая, в которой также натяжной потолок и ламинат. Во всей квартире установлены стеклопакеты. Дом находится в стороне от проезжей части, в тихом дворе. Рядом расположены детский сад, школа, магазины, аптека, остановки. Квартира без долгов и обременений, один взрослый собственник. Квартира ждет уверенных хозяйских рук. Рассмотрю любые формы расчетов. Не продано свое жилье Ипотека Субсидия Сертификат Решу Ваш вопрос. Звоните! Покажу в удобное для Вас время.
2-к кв. Великий Новгород, Ворошилова улица, дом 13,  эт. 6/6 S:55.00 кв.м/33.00 кв.м;16000;аренда;Свежее предложение! Двухкомнатная квартира в новом доме на длительный срок! Ранее не сдавалась. Оснащена всей необходимой мебелью и бытовой техникой 3 телевизора, холодильник, стиральная машина, утюг, пылесос Готова к заселению. Звоните, покажу с удовольствием!
2-к кв. Великий Новгород, Парковая улица, дом 18к3,  эт. 3/3 S:50.00 кв.м/37.00 кв.м;11000;аренда;Сдаётся 2 к.квартира на Торговой стороне ул.Парковая, д.18 к.3. Квартира тёплая в кирпичном доме, на третьем этаже, с застеклённой лоджией. В квартире из техники есть стиральная машина, холодильник. Из мебели в одной комнате: шкаф и односпальная кровать. Во второй комнате, стенка, стол и телевизор, нет спального места. Квартира подойдёт для любой семьи. Звоните, покажу с удовольствием!
2-к кв. Великий Новгород, Кочетова улица, дом 8к1,  эт. 3/3 S:53.00 кв.м/36.00 кв.м;14000;аренда;Сдается отличная, уютная и просторная двухкомнатная квартира в панельном девятиэтажном доме 2005 года постройки на третьем этаже. Общая площадь 53 кв.м., площадь кухни 7,5 кв.м., две изолированные комнаты площадью 19 и 17 кв.м., есть лоджия, раздельный санузел, центральное горячее водоснабжение. В квартире имеется вся необходимая мебель, холодильник, телевизор, газовая плита, стиральная машина, микроволновка, а также набор посуды. Из спальных мест есть раскладывающийся диван и две кровати. Кабельное телевидение и интернет. Район с очень развитой инфраструктурой, прекрасной транспортной доступностью. Все, что необходимо для комфортного проживания находится в пешей доступности: школы, детские сады, медицинские центры, магазины, Кочетовский торговый комплекс, развлекательные центры. Отличное место для проживания и отдыха. Сдается некурящим, без животных. Арендная плата 14 000 руб. + счетчики, комиссия 7 000 руб.
Комната. Великий Новгород, Ветеранов улица, дом 8,  эт. 5/5 S:50.00 кв.м ;300000;продажа;Предлагается к продаже комната 17,1 кв.м. в общежитии коридорного типа. Комната без ремонта, но установлен стеклопакет. Сделано зонирование, выделена зона кухни и прихожей. Выложен кафель и повешена вытяжка. Комната ждет уверенных хозяйских рук. Места общего пользования в нормальном состоянии. Дом расположен в районе с отличной инфраструктурой: школа, детский сад, магазины, почта, баня, СТО, платная стоянка, остановка городского автотранспорта. Звоните, покажу в удобное для Вас время!
4-к кв. Великий Новгород, Связи улица, дом 7,  эт. 3/3 S:61.40 кв.м/44.40 кв.м;2500000;продажа;"Предлагается к продаже 4х комнатная квартира 3/5 кирпичного дома на Торговой стороне на улице Связи. Общая площадь 61,4 кв.м, кухня 5,98 кв.м. Одна комната изолированная, три смежно-изолированные. Два застекленных балкона выходят на разные стороны. Помещения правильной прямоугольной формы, что позволит с комфортом расставить мебель. С/у раздельный, кафель, заменены трубы. Аккуратный чистый подъезд. Во дворе достаточное количество парковочных мест. Отличное расположение дома в сочетании с развитой инфраструктурой! Всё необходимое для комфортной жизни в шаговой доступности. Магазины, школы, гимназия с дошкольным отделением ""Квант"", детские сады, кафе, больницы, остановки. Недалеко расположен большой парк с детскими развлечениями и площадками, набережная для вечерних прогулок! Свободна от проживания, ждет уверенных хозяйских рук. Звоните, покажу с удовольствием!"
3-к кв. Великий Новгород, Псковская улица, дом 18к3,  эт. 3/3 S:60.00 кв.м/36.00 кв.м;3450000;продажа;Большая светлая квартира. Кухня-гостиная, две комнаты, раздельный санузел. В квартире сделан качественный ремонт.Тихий зелёный двор, рядом школа, детский сад. Отличное месторасположение, близко к центрупарковая зона, Кремль. Остаётся вся мебель и техника. Квартира подойдёт как для молодой, так и пожилой семьи. У нас интеллигентные и тихие соседи! Перепланировка узаконена , квартира без обременений, подходит для всех видов расчётов. Ждём ваших звонков, ответим на все вопросы.
Участок. Ситно деревня,  S:21.00 сот ;200000;продажа;Продается участок в д. Ситно. Участок в собственности, коммуникации рядом, хороший подъезд, разрешение на строительство, первая линия реки Волхов.
Участок. Мясной Бор деревня ,  S:15.00 сот ;400000;продажа;Деревня расположена на федеральной автомобильной дороге Россия М10 и в 1 километре на пересечении с трассой М11, между Спасской Полистью и Подберезьем. Восточнее деревни берёт начало река Питьба- левый приток Волхова.Участок 15 соток, без построек, электричество проходит по границе участка, в собственности, без ограничений и обременений. Документы готовы к продаже.Организованы пригородные автобусные маршруты.
Участок. Окуловка, Перестовская улица,  S:516.00 сот ;2100000;продажа;Предлагается к продаже земельный участок 5,1 га, расположенный в Окуловском районе с/п Турбинное, северная часть кадастрового квартала, 9 км от г. Окуловки и ж/д станции с развитой инфраструктурой. Участок примыкает к деревне Пузырёво Окуловского района. Категория земель: земли населенных пунктов, вид разрешенного использования: для сельскохозяйственного производства. С участка есть выход на берег озера 50 метров, также рядом протекает речка. Съезд на участок с асфальтированной дороги. Вдоль дороги есть линия электропередачи есть техническая возможность подключения электричества. Участки ровные без холмов, канав, косится трава, деревья и кусты вырублены. В 10 минутах езды скоростная трасса Санкт-Петербург - Москва участок уже построен. Участок в собственности, не обременен, документы готовы к продаже. Можно запросить видео с участка через WhatsApp. Звоните, покажу с удовольствием!
Участок. Панковка рп, ул. Заречный, массив 3 СТ Сад,12А,  S:10.00 сот ;70000;продажа;В сезон летнего ажиотажа! Продам земельный участок 9.8 соток под загородное строительство или дачу. Объект расположен по адресу Заречный, массив 3 СТ Сад. 10 км от города. Участок размежеванный, сухой, долгое время не разрабатывался. Половину участка занимают дубы и березы, вторая половина является берегом пруда, который может обыграть уже новый собственник и создать на своем загородном участке незабываемый по красоте, райский уголок. Имеется дорога к участку, вдоль дороги электричество есть возможность подключения. Соседи активно застраиваются так как участок находится близко к городу. Место очень перспективное. Свежий воздух, тишина, спокойствие и красота. Документы в порядке, один собственник. Кадастровый номер: 53:11:2631101:135 и 53:11:2631101:134. Хорошее транспортное сообщение с городом. От остановки 10 минут. Звоните прямо сейчас!!!
Участок. Любытино рп,  S:258.00 сот ;300000;продажа;Продам земельный участок в Любытинском районе, с/п Любытинское, участок находиться рядом с деревней Ушково, вплотную примыкает к деревне, электричество рядом, до д. Каменка 3 км грунтовой дороги, далее асфальт. Участок примыкает к дороге. Вокруг участка находится три живописных озера, недалеко есть ключ с питьевой водой. В деревне построен гостевой дом, туда круглогодично приезжают рыбаки и охотники.Документы в порядке, один собственник, рассмотрим все виды оплаты.
Дом. Оринец деревня, Рябиновая улица, дом 6,  S дома:120.00 кв.м S участка:21.00 сот ;4500000;продажа;Ощутите атмосферу и комфорт жизни в загородном доме. Дом расположен в тихом, спокойном месте. Новгородская область, Валдайская возвышенность, деревня Оринец, ул.Рябиновая дом 6. 30 км от Валдая и в 4 км от трассы М10 в природном оазисе, изобилии зелени и деревьев. Общая площадь этого уютного загородного дома для большой и дружной семьи 120 кв.м. Три отдельные комнаты на втором этаже позволят каждому члену семьи чувствовать себя комфортно, не мешая при этом остальным. А большая гостиная позволит всей семье собираться по вечерам за ужином в уютной обстановке. Дом пригоден для круглогодичного проживания. Коттедж на берегу чистого озера, в 35 метрах от воды. В доме 5 жилых комнат, 4 спальни, гостиная, кухня, санузел, техническое помещение. Дом очень тёплый и уютный. Материал фирменный, сухой, не естественной влажности брус 150150. Отделка внутри евровагонка сорт высший. На участке сделан ландшафт. Посеян специальный сорт медленно растущего газона покос 1 раз в 2 месяца. Посажены плодовые деревья вишня, яблоня, орех, слива и.т.д..Расположен в 4 км от трассы М-10 по асфальтированной дороге. 18 км от п. Крестцы в сторону Москвы. От Валдая 37 км. Место очень спокойное. Постоянное население деревни 20 чел.перепись 2010г.В доме имеется автономное отопление, тёплый пол на первом этаже, во всех помещениях. Лестница с дубовыми вставками и двери выполнялись по спецзаказу высота h2, 30м. Собственное водоснабжение колодец 11 колец, 6-7 колец с водой круглый год. Для водоснабжения используется итальянское оборудование погружая насосная станция Имеется автономная канализация, откачка не чаще 1 раза в 2 года. В коттедже новая мебель ИКЕА, кухня, с посудомоечной машиной. Остальные подробности по телефону. За эту сумму вы приобретаете не просто загородный дом, а целый комплекс преимуществ, начиная с окружающей среды и ощущения красивого и счастливого места для всей семьи, и заканчивая удовольствием от качества во всех деталях. Внимание! Чтобы оценить все преимущества этого дома, приезжайте на просмотр. Лучше один раз увидеть, чем сто раз прочитать. Торг уместен. Звоните прямо сейчас!
Участок. Великий Новгород, Славная улица, дом 33 в,  S:11.00 сот ;4000000;продажа;Предлагается к продаже участок 11 сотокв самом центре Великого Новгорода.Участок располагается в уникальном месте в исторической части города на Торговой Стороне. В пешей доступности храмы и часовни входящие в список всемирного наследияЮнеско. Знаменский Собор, Церковь Апостола Филиппа, Новгородский Кремль, Ярославово дворище. Совсем рядом лодочная станция, до реки Волхов 3 мин пешком. Развитая инфраструктура: поликлиника 1, детский сад 3 Ягодка, школа 4, а также скверы, парки, магазины и аптеки. Участок в собственности, на участке старый дом, размеры 1010, имеются плодово-ягодные насаждения. Дорога к участку, электричество.Дополнительными выгодами для вас будут: газ на границе участка, централизованная вода, центральная канализация. Кадастровый номер: 53:23:7103804:6 Все преимущества загородного жилья, но только в городе! Рассмотрим различные варианты оплаты. Торг реальному покупателю. Звоните! Этот вариант совсем свежий.
Дом. Мытно деревня, ул. В.Евстигнеева,24,  S дома:49.00 кв.м S участка:18.00 сот ;720000;продажа;Удобно. Откуда бы вы ни были. Дача близ Великого Новгорода. Выезд на трассу М11 в 2-х минутах. Мытно - деревня в Новгородском муниципальном районе Новгородской области, входит в состав Савинского сельского поселения. Мытно расположено на левом берегу реки Вишера, на расстоянии 17 км по дороге от деревни Новоселицы. Ниже в 1,5 км, по течению Вишеры находятся деревни Марково и Рушиново. Река. В двух-трех минутах ходьбы находится живописная, тихая и умеренно глубокая река Вишера. Летом купаться - одно удовольствие. О доме.Построен из бруса и обшит вагонкой. Имеет небольшую открытую террасу, веранду с комнатой, кухню и просторную комнату с двумя окнами. Установлены стеклопакеты, полы деревянные, отопление печное буржуйка плюс конвекторы под каждым окном, установлена газовая плита газ баллон. Электричество три фазы, отдельно на баню и по дому отдельно розетки, отдельно выключатели, проводка новая, заключен официальный договор.  Баня. Из бруса, полностью оборудована.Земельный участок ранее разрабатывался полностью, сейчас частично ввиду ненадобности. Почва плодородная, на участке растут и плодоносят плодово-ягодные растения. Участок огорожен забором. Есть колодец. Рядом с участком небольшой пруд. В 1,5 км от деревни находиться родник с хорошей и чистой питьевой водой. Документы в порядке, один собственник. Возможно рассмотрение материнского капитала.
Участок. Прилуки деревня,  S:20.00 сот ;239000;продажа;Продается участок в д. Прилуки , площадью 20 соток, ИЖС. В собственности. Кадастровый номер 53:11:0200106:120. Основные преимущества:прямоугольная формарасположен на возвышенности  не затапливаетсяв стороне от главной дороги  нет шума , пыли до реки Мста 200 мрядом леспроведено электричество на участокпостроена бытовкасоседи живут круглый годв деревне есть магазин, ФАПхорошее автобусное сообщение с городом. Прекрасное место для постройки дома или дачи. Покажем в удобное для вас время, поможем с реализацией вашей недвижимости. АН Эльфидэль
Участок. Пролетарское городское поселение пгт, Ленинградская, дом 35,  S:14.50 сот ;230000;продажа;Предлагается к продаже участок 14,5 соток в пос. Пролетарий Новгородской области. Посёлок Пролетарий находится в 28 км. от Великого Новгорода на левом берегу реки Большая Ниша, 7 км. от озера Ильмень. Участок расположен на первой линии рядом с асфальтированной дорогой, поэтому очень удобный круглогодичный подъезд для автомобиля. Сам участок ровный, на участке есть колодец с технической водой, колодец с питьевой водой, электричество, фундамент от бани, фундамент от дома. Хорошие соседи. В посёлке есть вся необходимая инфраструктура: больница, ветлечебница, отделение милиции, два детских сада, средняя общеобразовательная школа, дом культуры, магазины. Прекрасное место для постройки дома или дачи. Налажено регулярное автобусное сообщение каждый час. Документы в порядке, один собственник. Покажу в любое время. Звоните.
Участок. Лукинщина деревня,  S:24.00 сот ;850000;продажа;Продаётся земельный участок в живописном месте д. Лукинщина, 1 км до деревни Ильмень.  Это место где хочется остаться! Здесь растут березы и даже грибы, хозяин специально не стал убирать эту красоту, что бы была возможность погулять по собственному лесу.  24 сотки. Категория земли: ЛПХ  и дом построить можно и корову завести  На участке имеется ростверковый фундамент 9/13 сваи+лента+монолитная плита, а так же бытовка, которая прослужит Вам многие годы.  Подведено электричество 380вт, скважина на 30м, есть возможность подключить кабельный интернет Ростелеком.  По периметру участка сделан металический каркас забора. А так же посажена зелёная изгородь из шаровой ивы и сосны.  Сделан хороший заезд с местом для парковки плетняк + асфальтная крошка. Участок ровняли и поднимали навозным грунтом.  Магазин в 1 километре, недалеко озеро Ильмень, хорошая асфальтированная дорога прямо до участка.  Звоните, покажу с удовольствием!
Коммерческая. Офис.  Великий Новгород, Энергетиков проезд, дом 6а,  этаж 2 S пом.:335.00 кв.м ;5300000;продажа;Предлагается к продаже офисное здание с автономным отоплением в удобной локации.  площадь 335 кв.м.  Кабинетная система.  Характеристики помещения: - собственная новая котельная - отдельный вход - парковка с видеонаблюдением - близость к автобусной остановке - оборудованный санузел 2 - пожарная/охранная сигнализация - качественная внутренняя отделка - стеклопакеты - новая проводка - холодное водоснабжение  Земельный участок в собственности.  На время продажи готовы сдать в аренду. Очень выгодная ставка. Возможна аренда с последующим выкупом.  Без обременений.  Звоните, более подробно по телефону.  Показы в любое время!
Коммерческая. Офис.  Великий Новгород, Энергетиков проезд, дом 6а,  S пом.:335.00 кв.м ;67000;аренда;Предлагается в аренду офисное здание с автономным отоплением в удобной локации. площадь 335 кв.м. кабинетная система. Характеристики помещения: - собственная новая котельная - отдельный вход - парковка с видеонаблюдением - близость к автобусной остановке - оборудованный санузел 2 - пожарная/охранная сигнализация - качественная внутренняя отделка - стеклопакеты - новая проводка - холодное водоснабжение Земельный участок в собственности. Сдается на время продажи. Очень выгодная ставка. Возможна аренда с последующим выкупом. Звоните, более подробно по телефону. Показы в любое время!
Коммерческая. Свободного назначения Великий Новгород, Московская улица, дом 53,  S пом.:1200.00 кв.м ;15000;аренда;Сдается в аренду на длительный срок производственная площадка. Земельный участок пром. назначения площадью 1200м2 на охраняемой территории с внутренней парковкой. Ранее использовался под пилораму. На участке имеется козловой кран г/п 5тонн, навесы, бытовка, склад 30м2 со сдвижными воротами, отапливаемый офис с интернетом. Электричество 50 ампер . 1-я линия от дороги. Возможность въезда крупногабаритного транспорта. Есть техническая возможность для подключения производственных станков. Удобная локация площадки, позволяет быстро и беспрепятственно выезжать или возвращаться в город 20000+счётчики без комиссии Звоните, покажу с удовольствием!
Коммерческая. Свободного назначения / Для общепита Волховец посёлок, Пионерская улица, дом 2А,  этаж 1 S пом.:66.00 кв.м S уч.:4.00 сот. ;3500000;продажа;Предлагается к продаже отдельно стоящее здание со всем оборудованием под кафе в п. Волховец ул.Пионерская, д.2А. Кафе расположено в интересном историческом месте, по направлению в д. Хутынь и Валаама-Хутынского монастыря, куда приезжает много посетителей. Здание 2019 года постройки. Земельный участок 4 сот.в собственности. Капитальный фундамент, стены из газобетона, внутри гипсокартон, снаружи утеплитель,обшит сайдингом. Пол - железобетонные плиты, кафель. Потолок - деревянный, утеплённый, крыша металлочерепица. Туалет и кухня - стены в кафеле. Есть места для парковки машин. Просторный двор. Характеристики: - Удобный подъезд, - Качественная внутренняя отделка, - Отопление автономное, котёл электрический, - Водопровод - колодец с насосной станцией, - Вентиляция принудительная, отдельно на зал и кухню, - Видеонаблюдение, -Пожарная сигнализация, - Канализация- кольца 3,2, -Оборудованный санузел , 2 один для посетителей, второй для сотрудников, - Окна стеклопакеты, - Освещение раздельное, экономичное, - Столы, стулья, барная стойка. Без обременений. Один собственник. Звоните, более подробно по телефону. Покажу в любое время!
